{
  "checkpoint": "checkpoints/best_model.pth",
  "split": "test",
  "n_samples": 948,
  "metrics": {
    "rmse_log": 0.1017952412366867,
    "mae_log": 0.07426010072231293,
    "r2": 0.9332666397094727,
    "rmse_mpa": 79.36410192637491,
    "mae_mpa": 54.96620950819571,
    "mape_pct": 7.516080246709563,
    "max_err_mpa": 620.6243896484375,
    "rel_err": {
      "p50": 5.639266925838317,
      "p90": 16.473988192611916,
      "p95": 20.249416543176718,
      "p99": 29.56062351150551,
      "within_5pct": 0.45569620253164556,
      "within_10pct": 0.7267932489451476,
      "within_20pct": 0.9472573839662447
    }
  },
  "per_dir": {
    "dia": {
      "rmse_log": 0.13214656710624695,
      "mae_log": 0.09870915114879608,
      "r2": 0.6388501524925232,
      "rmse_mpa": 73.96554576174516,
      "mae_mpa": 52.74604198600672,
      "mape_pct": 9.990661048035701,
      "max_err_mpa": 483.3946533203125,
      "rel_err": {
        "p50": 7.986938227260891,
        "p90": 20.66122876084584,
        "p95": 25.030409116353223,
        "p99": 40.854396763259444,
        "within_5pct": 0.34810126582278483,
        "within_10pct": 0.5917721518987342,
        "within_20pct": 0.8860759493670886
      }
    },
    "hor": {
      "rmse_log": 0.08612526953220367,
      "mae_log": 0.06283098459243774,
      "r2": 0.8835049271583557,
      "rmse_mpa": 66.22268587688575,
      "mae_mpa": 41.257440494585644,
      "mape_pct": 6.295828665120237,
      "max_err_mpa": 620.6243896484375,
      "rel_err": {
        "p50": 5.011676580306074,
        "p90": 13.142851876056163,
        "p95": 16.947316839567204,
        "p99": 23.30337028311301,
        "within_5pct": 0.5,
        "within_10pct": 0.8069620253164557,
        "within_20pct": 0.9746835443037974
      }
    },
    "ver": {
      "rmse_log": 0.07878158241510391,
      "mae_log": 0.061240166425704956,
      "r2": 0.9015299677848816,
      "rmse_mpa": 95.07700005342292,
      "mae_mpa": 70.89514604399476,
      "mape_pct": 6.261751026972743,
      "max_err_mpa": 321.255859375,
      "rel_err": {
        "p50": 4.777918117841711,
        "p90": 13.047396885442236,
        "p95": 16.6778053147743,
        "p99": 20.385934228243258,
        "within_5pct": 0.5189873417721519,
        "within_10pct": 0.7816455696202531,
        "within_20pct": 0.9810126582278481
      }
    }
  }
}